,index,summary,config,name
0,100,"{'epoch': 100, '_wandb': {'runtime': 155}, 'avg_err': 0.1682, 'run_num': 2, '_runtime': 156.77998304367063, '_timestamp': 1661082959.275122, 'train_loss': 0.1136, '_step': 303, 'std_err': 0.0065, 'train_acc': 0.98, 'final_test_err': 0.15949999999999998}","{'hp': {'bs': 128, 'lr': 0.01, 'epochs': 100}, 'net': 'wrn10_2', 'tag': '04_rho/task_agnostic', 'loss': {'alpha': 0.5, 'tune_alpha': False, 'group_task_loss': False}, 'reps': 3, 'seed': 10, 'task': {'n': 50, 'm_n': 3, 'ood': [4], 'beta': 'unbiased', 'target': 4, 'augment': False, 'dataset': 'split_cifar10', 'task_map': [[0, 1], [2, 3], [4, 5], [6, 7], [8, 9]], 'custom_sampler': False}, 'deploy': True, 'device': 'cuda:2'}",3tjz9flh
1,101,"{'train_acc': 0.9767, 'train_loss': 0.1548, '_step': 303, 'epoch': 100, 'avg_err': 0.1723, 'run_num': 2, 'final_test_err': 0.1715, '_wandb': {'runtime': 138}, 'std_err': 0.0051, '_runtime': 139.5202009677887, '_timestamp': 1661082921.02697}","{'hp': {'bs': 128, 'lr': 0.01, 'epochs': 100}, 'net': 'wrn10_2', 'tag': '04_rho/task_agnostic', 'loss': {'alpha': 0.5, 'tune_alpha': False, 'group_task_loss': False}, 'reps': 3, 'seed': 10, 'task': {'n': 50, 'm_n': 2, 'ood': [4], 'beta': 'unbiased', 'target': 4, 'augment': False, 'dataset': 'split_cifar10', 'task_map': [[0, 1], [2, 3], [4, 5], [6, 7], [8, 9]], 'custom_sampler': False}, 'deploy': True, 'device': 'cuda:2'}",2ldke4em
2,102,"{'_timestamp': 1661082910.8833482, 'train_loss': 0.2038, 'epoch': 100, 'avg_err': 0.1947, 'run_num': 2, 'std_err': 0.0042, 'final_test_err': 0.19599999999999995, '_step': 303, '_wandb': {'runtime': 132}, '_runtime': 133.6067123413086, 'train_acc': 0.965}","{'hp': {'bs': 128, 'lr': 0.01, 'epochs': 100}, 'net': 'wrn10_2', 'tag': '04_rho/task_agnostic', 'loss': {'alpha': 0.5, 'tune_alpha': False, 'group_task_loss': False}, 'reps': 3, 'seed': 10, 'task': {'n': 50, 'm_n': 1, 'ood': [4], 'beta': 'unbiased', 'target': 4, 'augment': False, 'dataset': 'split_cifar10', 'task_map': [[0, 1], [2, 3], [4, 5], [6, 7], [8, 9]], 'custom_sampler': False}, 'deploy': True, 'device': 'cuda:2'}",22ctwp9f
3,103,"{'_step': 303, 'epoch': 100, '_wandb': {'runtime': 132}, 'std_err': 0.0178, '_runtime': 133.14100742340088, 'train_acc': 0.83, 'avg_err': 0.2413, 'run_num': 2, '_timestamp': 1661082903.0137744, 'train_loss': 0.4221, 'final_test_err': 0.21850000000000003}","{'hp': {'bs': 128, 'lr': 0.01, 'epochs': 100}, 'net': 'wrn10_2', 'tag': '04_rho/task_agnostic', 'loss': {'alpha': 0.5, 'tune_alpha': False, 'group_task_loss': False}, 'reps': 3, 'seed': 10, 'task': {'n': 50, 'm_n': 0, 'ood': [4], 'beta': 'unbiased', 'target': 4, 'augment': False, 'dataset': 'split_cifar10', 'task_map': [[0, 1], [2, 3], [4, 5], [6, 7], [8, 9]], 'custom_sampler': False}, 'deploy': True, 'device': 'cuda:2'}",1ai4gdns
4,104,"{'_step': 303, 'epoch': 100, 'std_err': 0.0156, '_runtime': 182.10877799987793, 'train_acc': 0.96, '_timestamp': 1661082908.688738, 'train_loss': 0.1957, 'final_test_err': 0.258, '_wandb': {'runtime': 181}, 'avg_err': 0.243, 'run_num': 2}","{'hp': {'bs': 128, 'lr': 0.01, 'epochs': 100}, 'net': 'wrn10_2', 'tag': '04_rho/task_agnostic', 'loss': {'alpha': 0.5, 'tune_alpha': False, 'group_task_loss': False}, 'reps': 3, 'seed': 10, 'task': {'n': 50, 'm_n': 3, 'ood': [3], 'beta': 'unbiased', 'target': 4, 'augment': False, 'dataset': 'split_cifar10', 'task_map': [[0, 1], [2, 3], [4, 5], [6, 7], [8, 9]], 'custom_sampler': False}, 'deploy': True, 'device': 'cuda:2'}",23infop7
5,105,"{'_step': 303, 'avg_err': 0.2307, 'run_num': 2, 'train_loss': 0.2904, 'epoch': 100, '_wandb': {'runtime': 150}, 'std_err': 0.0102, '_runtime': 151.52711606025696, 'train_acc': 0.9167, '_timestamp': 1661082873.202812, 'final_test_err': 0.24150000000000005}","{'hp': {'bs': 128, 'lr': 0.01, 'epochs': 100}, 'net': 'wrn10_2', 'tag': '04_rho/task_agnostic', 'loss': {'alpha': 0.5, 'tune_alpha': False, 'group_task_loss': False}, 'reps': 3, 'seed': 10, 'task': {'n': 50, 'm_n': 2, 'ood': [3], 'beta': 'unbiased', 'target': 4, 'augment': False, 'dataset': 'split_cifar10', 'task_map': [[0, 1], [2, 3], [4, 5], [6, 7], [8, 9]], 'custom_sampler': False}, 'deploy': True, 'device': 'cuda:2'}",7y5nqf9r
6,106,"{'_runtime': 145.75100183486938, '_timestamp': 1661082855.9730778, '_wandb': {'runtime': 144}, 'avg_err': 0.2342, 'run_num': 2, 'std_err': 0.0117, 'train_acc': 0.84, 'train_loss': 0.4234, 'final_test_err': 0.25049999999999994, '_step': 303, 'epoch': 100}","{'hp': {'bs': 128, 'lr': 0.01, 'epochs': 100}, 'net': 'wrn10_2', 'tag': '04_rho/task_agnostic', 'loss': {'alpha': 0.5, 'tune_alpha': False, 'group_task_loss': False}, 'reps': 3, 'seed': 10, 'task': {'n': 50, 'm_n': 1, 'ood': [3], 'beta': 'unbiased', 'target': 4, 'augment': False, 'dataset': 'split_cifar10', 'task_map': [[0, 1], [2, 3], [4, 5], [6, 7], [8, 9]], 'custom_sampler': False}, 'deploy': True, 'device': 'cuda:2'}",1c4k2zue
7,107,"{'_wandb': {'runtime': 140}, 'run_num': 2, '_timestamp': 1661082844.9716856, 'final_test_err': 0.21850000000000003, '_runtime': 141.86033654212952, 'train_acc': 0.83, 'train_loss': 0.4221, '_step': 303, 'epoch': 100, 'avg_err': 0.2413, 'std_err': 0.0178}","{'hp': {'bs': 128, 'lr': 0.01, 'epochs': 100}, 'net': 'wrn10_2', 'tag': '04_rho/task_agnostic', 'loss': {'alpha': 0.5, 'tune_alpha': False, 'group_task_loss': False}, 'reps': 3, 'seed': 10, 'task': {'n': 50, 'm_n': 0, 'ood': [3], 'beta': 'unbiased', 'target': 4, 'augment': False, 'dataset': 'split_cifar10', 'task_map': [[0, 1], [2, 3], [4, 5], [6, 7], [8, 9]], 'custom_sampler': False}, 'deploy': True, 'device': 'cuda:2'}",1s5y6aqm
8,108,"{'std_err': 0.0155, '_runtime': 190.06144976615903, 'train_acc': 0.905, '_timestamp': 1661082870.370319, 'final_test_err': 0.3005, '_wandb': {'runtime': 189}, 'run_num': 2, 'avg_err': 0.2808, 'train_loss': 0.3134, '_step': 303, 'epoch': 100}","{'hp': {'bs': 128, 'lr': 0.01, 'epochs': 100}, 'net': 'wrn10_2', 'tag': '04_rho/task_agnostic', 'loss': {'alpha': 0.5, 'tune_alpha': False, 'group_task_loss': False}, 'reps': 3, 'seed': 10, 'task': {'n': 50, 'm_n': 3, 'ood': [2], 'beta': 'unbiased', 'target': 4, 'augment': False, 'dataset': 'split_cifar10', 'task_map': [[0, 1], [2, 3], [4, 5], [6, 7], [8, 9]], 'custom_sampler': False}, 'deploy': True, 'device': 'cuda:2'}",1i0f8tou
9,109,"{'_runtime': 153.86766362190247, 'train_acc': 0.8733, '_step': 303, 'epoch': 100, 'avg_err': 0.2605, 'run_num': 2, 'final_test_err': 0.2905, '_wandb': {'runtime': 152}, 'std_err': 0.0265, '_timestamp': 1661082818.4980266, 'train_loss': 0.3357}","{'hp': {'bs': 128, 'lr': 0.01, 'epochs': 100}, 'net': 'wrn10_2', 'tag': '04_rho/task_agnostic', 'loss': {'alpha': 0.5, 'tune_alpha': False, 'group_task_loss': False}, 'reps': 3, 'seed': 10, 'task': {'n': 50, 'm_n': 2, 'ood': [2], 'beta': 'unbiased', 'target': 4, 'augment': False, 'dataset': 'split_cifar10', 'task_map': [[0, 1], [2, 3], [4, 5], [6, 7], [8, 9]], 'custom_sampler': False}, 'deploy': True, 'device': 'cuda:2'}",3tmq01w4
10,110,"{'run_num': 2, '_runtime': 151.87342190742493, 'train_acc': 0.815, 'train_loss': 0.423, 'final_test_err': 0.23750000000000004, '_step': 303, 'epoch': 100, '_wandb': {'runtime': 150}, 'avg_err': 0.2368, 'std_err': 0.0151, '_timestamp': 1661082811.684345}","{'hp': {'bs': 128, 'lr': 0.01, 'epochs': 100}, 'net': 'wrn10_2', 'tag': '04_rho/task_agnostic', 'loss': {'alpha': 0.5, 'tune_alpha': False, 'group_task_loss': False}, 'reps': 3, 'seed': 10, 'task': {'n': 50, 'm_n': 1, 'ood': [2], 'beta': 'unbiased', 'target': 4, 'augment': False, 'dataset': 'split_cifar10', 'task_map': [[0, 1], [2, 3], [4, 5], [6, 7], [8, 9]], 'custom_sampler': False}, 'deploy': True, 'device': 'cuda:2'}",1x9v2zz8
11,111,"{'std_err': 0.0178, 'train_acc': 0.83, '_timestamp': 1661082797.0945904, 'epoch': 100, 'run_num': 2, 'avg_err': 0.2413, '_runtime': 143.29599332809448, 'train_loss': 0.4221, 'final_test_err': 0.21850000000000003, '_step': 303, '_wandb': {'runtime': 142}}","{'hp': {'bs': 128, 'lr': 0.01, 'epochs': 100}, 'net': 'wrn10_2', 'tag': '04_rho/task_agnostic', 'loss': {'alpha': 0.5, 'tune_alpha': False, 'group_task_loss': False}, 'reps': 3, 'seed': 10, 'task': {'n': 50, 'm_n': 0, 'ood': [2], 'beta': 'unbiased', 'target': 4, 'augment': False, 'dataset': 'split_cifar10', 'task_map': [[0, 1], [2, 3], [4, 5], [6, 7], [8, 9]], 'custom_sampler': False}, 'deploy': True, 'device': 'cuda:2'}",3qnpaiv7
12,112,"{'_timestamp': 1661082832.4179904, 'final_test_err': 0.251, '_wandb': {'runtime': 205}, 'avg_err': 0.2437, 'run_num': 2, 'std_err': 0.0118, '_runtime': 206.27036237716675, '_step': 303, 'epoch': 100, 'train_acc': 0.91, 'train_loss': 0.3105}","{'hp': {'bs': 128, 'lr': 0.01, 'epochs': 100}, 'net': 'wrn10_2', 'tag': '04_rho/task_agnostic', 'loss': {'alpha': 0.5, 'tune_alpha': False, 'group_task_loss': False}, 'reps': 3, 'seed': 10, 'task': {'n': 50, 'm_n': 3, 'ood': [1], 'beta': 'unbiased', 'target': 4, 'augment': False, 'dataset': 'split_cifar10', 'task_map': [[0, 1], [2, 3], [4, 5], [6, 7], [8, 9]], 'custom_sampler': False}, 'deploy': True, 'device': 'cuda:2'}",3o7hcqk9
13,113,"{'_timestamp': 1661082777.9863572, 'final_test_err': 0.23850000000000005, '_wandb': {'runtime': 155}, 'std_err': 0.008, '_runtime': 156.0610122680664, 'train_acc': 0.87, 'train_loss': 0.3898, '_step': 303, 'epoch': 100, 'avg_err': 0.2292, 'run_num': 2}","{'hp': {'bs': 128, 'lr': 0.01, 'epochs': 100}, 'net': 'wrn10_2', 'tag': '04_rho/task_agnostic', 'loss': {'alpha': 0.5, 'tune_alpha': False, 'group_task_loss': False}, 'reps': 3, 'seed': 10, 'task': {'n': 50, 'm_n': 2, 'ood': [1], 'beta': 'unbiased', 'target': 4, 'augment': False, 'dataset': 'split_cifar10', 'task_map': [[0, 1], [2, 3], [4, 5], [6, 7], [8, 9]], 'custom_sampler': False}, 'deploy': True, 'device': 'cuda:2'}",1jufu0no
14,114,"{'run_num': 2, 'train_loss': 0.4476, 'final_test_err': 0.224, '_runtime': 154.2318298816681, 'train_acc': 0.835, '_timestamp': 1661082765.522914, '_step': 303, 'epoch': 100, '_wandb': {'runtime': 153}, 'avg_err': 0.2285, 'std_err': 0.0039}","{'hp': {'bs': 128, 'lr': 0.01, 'epochs': 100}, 'net': 'wrn10_2', 'tag': '04_rho/task_agnostic', 'loss': {'alpha': 0.5, 'tune_alpha': False, 'group_task_loss': False}, 'reps': 3, 'seed': 10, 'task': {'n': 50, 'm_n': 1, 'ood': [1], 'beta': 'unbiased', 'target': 4, 'augment': False, 'dataset': 'split_cifar10', 'task_map': [[0, 1], [2, 3], [4, 5], [6, 7], [8, 9]], 'custom_sampler': False}, 'deploy': True, 'device': 'cuda:2'}",hs1mrwyu
15,115,"{'train_acc': 0.83, '_step': 303, '_wandb': {'runtime': 135}, 'run_num': 2, 'std_err': 0.0178, '_runtime': 135.98086619377136, 'epoch': 100, 'avg_err': 0.2413, '_timestamp': 1661082721.1363802, 'train_loss': 0.4221, 'final_test_err': 0.21850000000000003}","{'hp': {'bs': 128, 'lr': 0.01, 'epochs': 100}, 'net': 'wrn10_2', 'tag': '04_rho/task_agnostic', 'loss': {'alpha': 0.5, 'tune_alpha': False, 'group_task_loss': False}, 'reps': 3, 'seed': 10, 'task': {'n': 50, 'm_n': 0, 'ood': [1], 'beta': 'unbiased', 'target': 4, 'augment': False, 'dataset': 'split_cifar10', 'task_map': [[0, 1], [2, 3], [4, 5], [6, 7], [8, 9]], 'custom_sampler': False}, 'deploy': True, 'device': 'cuda:2'}",2eiqiahb
16,116,"{'_step': 303, '_timestamp': 1661082772.2374256, 'final_test_err': 0.17800000000000005, 'run_num': 2, 'std_err': 0.0164, '_runtime': 201.48957061767575, 'train_acc': 0.96, 'train_loss': 0.1535, 'epoch': 100, '_wandb': {'runtime': 200}, 'avg_err': 0.1998}","{'hp': {'bs': 128, 'lr': 0.01, 'epochs': 100}, 'net': 'wrn10_2', 'tag': '04_rho/task_agnostic', 'loss': {'alpha': 0.5, 'tune_alpha': False, 'group_task_loss': False}, 'reps': 3, 'seed': 10, 'task': {'n': 50, 'm_n': 3, 'ood': [0], 'beta': 'unbiased', 'target': 4, 'augment': False, 'dataset': 'split_cifar10', 'task_map': [[0, 1], [2, 3], [4, 5], [6, 7], [8, 9]], 'custom_sampler': False}, 'deploy': True, 'device': 'cuda:2'}",2jb3gzbx
17,117,"{'epoch': 100, 'avg_err': 0.2002, 'run_num': 2, 'train_acc': 0.9433, 'train_loss': 0.1992, 'final_test_err': 0.1865, '_step': 303, '_wandb': {'runtime': 153}, 'std_err': 0.0144, '_runtime': 154.91717314720154, '_timestamp': 1661082705.2120802}","{'hp': {'bs': 128, 'lr': 0.01, 'epochs': 100}, 'net': 'wrn10_2', 'tag': '04_rho/task_agnostic', 'loss': {'alpha': 0.5, 'tune_alpha': False, 'group_task_loss': False}, 'reps': 3, 'seed': 10, 'task': {'n': 50, 'm_n': 2, 'ood': [0], 'beta': 'unbiased', 'target': 4, 'augment': False, 'dataset': 'split_cifar10', 'task_map': [[0, 1], [2, 3], [4, 5], [6, 7], [8, 9]], 'custom_sampler': False}, 'deploy': True, 'device': 'cuda:2'}",1syuy1fk
18,118,"{'_step': 303, 'run_num': 2, 'train_acc': 0.91, '_timestamp': 1661082698.3811958, 'final_test_err': 0.19199999999999995, 'train_loss': 0.2818, 'epoch': 100, '_wandb': {'runtime': 151}, 'avg_err': 0.2078, 'std_err': 0.0123, '_runtime': 153.6747167110443}","{'hp': {'bs': 128, 'lr': 0.01, 'epochs': 100}, 'net': 'wrn10_2', 'tag': '04_rho/task_agnostic', 'loss': {'alpha': 0.5, 'tune_alpha': False, 'group_task_loss': False}, 'reps': 3, 'seed': 10, 'task': {'n': 50, 'm_n': 1, 'ood': [0], 'beta': 'unbiased', 'target': 4, 'augment': False, 'dataset': 'split_cifar10', 'task_map': [[0, 1], [2, 3], [4, 5], [6, 7], [8, 9]], 'custom_sampler': False}, 'deploy': True, 'device': 'cuda:2'}",loqs4r28
19,119,"{'train_acc': 0.83, 'train_loss': 0.4221, '_wandb': {'runtime': 132}, 'run_num': 2, 'std_err': 0.0178, '_runtime': 133.46301913261414, 'final_test_err': 0.21850000000000003, '_step': 303, 'epoch': 100, 'avg_err': 0.2413, '_timestamp': 1661082674.8655622}","{'hp': {'bs': 128, 'lr': 0.01, 'epochs': 100}, 'net': 'wrn10_2', 'tag': '04_rho/task_agnostic', 'loss': {'alpha': 0.5, 'tune_alpha': False, 'group_task_loss': False}, 'reps': 3, 'seed': 10, 'task': {'n': 50, 'm_n': 0, 'ood': [0], 'beta': 'unbiased', 'target': 4, 'augment': False, 'dataset': 'split_cifar10', 'task_map': [[0, 1], [2, 3], [4, 5], [6, 7], [8, 9]], 'custom_sampler': False}, 'deploy': True, 'device': 'cuda:2'}",1sw1tify
20,120,"{'std_err': 0.0147, 'train_acc': 0.9625, '_timestamp': 1661082716.4901998, '_step': 303, 'epoch': 100, '_wandb': {'runtime': 212}, 'avg_err': 0.3063, 'run_num': 2, 'train_loss': 0.1784, 'final_test_err': 0.29200000000000004, '_runtime': 213.27335786819455}","{'hp': {'bs': 128, 'lr': 0.01, 'epochs': 100}, 'net': 'wrn10_2', 'tag': '04_rho/task_agnostic', 'loss': {'alpha': 0.5, 'tune_alpha': False, 'group_task_loss': False}, 'reps': 3, 'seed': 10, 'task': {'n': 50, 'm_n': 3, 'ood': [4], 'beta': 'unbiased', 'target': 3, 'augment': False, 'dataset': 'split_cifar10', 'task_map': [[0, 1], [2, 3], [4, 5], [6, 7], [8, 9]], 'custom_sampler': False}, 'deploy': True, 'device': 'cuda:2'}",1omvdoze
21,121,"{'avg_err': 0.3157, 'run_num': 2, 'std_err': 0.0285, '_runtime': 158.92022109031677, 'train_acc': 0.94, '_timestamp': 1661082656.537673, '_step': 303, 'epoch': 100, '_wandb': {'runtime': 157}, 'train_loss': 0.2666, 'final_test_err': 0.28400000000000003}","{'hp': {'bs': 128, 'lr': 0.01, 'epochs': 100}, 'net': 'wrn10_2', 'tag': '04_rho/task_agnostic', 'loss': {'alpha': 0.5, 'tune_alpha': False, 'group_task_loss': False}, 'reps': 3, 'seed': 10, 'task': {'n': 50, 'm_n': 2, 'ood': [4], 'beta': 'unbiased', 'target': 3, 'augment': False, 'dataset': 'split_cifar10', 'task_map': [[0, 1], [2, 3], [4, 5], [6, 7], [8, 9]], 'custom_sampler': False}, 'deploy': True, 'device': 'cuda:2'}",2pjzm29o
22,122,"{'std_err': 0.0163, 'train_loss': 0.4156, 'final_test_err': 0.31999999999999995, 'epoch': 100, 'run_num': 2, 'avg_err': 0.337, '_runtime': 153.81887888908386, 'train_acc': 0.83, '_timestamp': 1661082648.877287, '_step': 303, '_wandb': {'runtime': 152}}","{'hp': {'bs': 128, 'lr': 0.01, 'epochs': 100}, 'net': 'wrn10_2', 'tag': '04_rho/task_agnostic', 'loss': {'alpha': 0.5, 'tune_alpha': False, 'group_task_loss': False}, 'reps': 3, 'seed': 10, 'task': {'n': 50, 'm_n': 1, 'ood': [4], 'beta': 'unbiased', 'target': 3, 'augment': False, 'dataset': 'split_cifar10', 'task_map': [[0, 1], [2, 3], [4, 5], [6, 7], [8, 9]], 'custom_sampler': False}, 'deploy': True, 'device': 'cuda:2'}",268l6909
23,123,"{'train_loss': 0.5493, '_step': 303, 'epoch': 100, '_wandb': {'runtime': 139}, 'avg_err': 0.2975, 'run_num': 2, 'std_err': 0.0198, '_runtime': 140.2880027294159, 'train_acc': 0.77, '_timestamp': 1661082621.6993618, 'final_test_err': 0.2905}","{'hp': {'bs': 128, 'lr': 0.01, 'epochs': 100}, 'net': 'wrn10_2', 'tag': '04_rho/task_agnostic', 'loss': {'alpha': 0.5, 'tune_alpha': False, 'group_task_loss': False}, 'reps': 3, 'seed': 10, 'task': {'n': 50, 'm_n': 0, 'ood': [4], 'beta': 'unbiased', 'target': 3, 'augment': False, 'dataset': 'split_cifar10', 'task_map': [[0, 1], [2, 3], [4, 5], [6, 7], [8, 9]], 'custom_sampler': False}, 'deploy': True, 'device': 'cuda:2'}",39b3zymn
24,124,"{'std_err': 0.0031, '_runtime': 206.99701142311096, '_timestamp': 1661082659.5508573, 'final_test_err': 0.15700000000000003, '_step': 303, 'epoch': 100, 'run_num': 2, 'train_acc': 0.9925, 'train_loss': 0.1018, '_wandb': {'runtime': 206}, 'avg_err': 0.1613}","{'hp': {'bs': 128, 'lr': 0.01, 'epochs': 100}, 'net': 'wrn10_2', 'tag': '04_rho/task_agnostic', 'loss': {'alpha': 0.5, 'tune_alpha': False, 'group_task_loss': False}, 'reps': 3, 'seed': 10, 'task': {'n': 50, 'm_n': 3, 'ood': [3], 'beta': 'unbiased', 'target': 3, 'augment': False, 'dataset': 'split_cifar10', 'task_map': [[0, 1], [2, 3], [4, 5], [6, 7], [8, 9]], 'custom_sampler': False}, 'deploy': True, 'device': 'cuda:2'}",1eq5xy3s
25,125,"{'_step': 303, '_wandb': {'runtime': 157}, 'avg_err': 0.1972, 'run_num': 2, 'std_err': 0.0136, '_runtime': 158.4265010356903, '_timestamp': 1661082606.898402, 'epoch': 100, 'train_acc': 0.9767, 'train_loss': 0.1708, 'final_test_err': 0.17800000000000005}","{'hp': {'bs': 128, 'lr': 0.01, 'epochs': 100}, 'net': 'wrn10_2', 'tag': '04_rho/task_agnostic', 'loss': {'alpha': 0.5, 'tune_alpha': False, 'group_task_loss': False}, 'reps': 3, 'seed': 10, 'task': {'n': 50, 'm_n': 2, 'ood': [3], 'beta': 'unbiased', 'target': 3, 'augment': False, 'dataset': 'split_cifar10', 'task_map': [[0, 1], [2, 3], [4, 5], [6, 7], [8, 9]], 'custom_sampler': False}, 'deploy': True, 'device': 'cuda:2'}",3f9ci746
26,126,"{'epoch': 100, 'avg_err': 0.2513, 'run_num': 2, '_runtime': 143.36103510856628, 'train_acc': 0.94, '_timestamp': 1661082579.7601032, '_step': 303, '_wandb': {'runtime': 142}, 'std_err': 0.0262, 'train_loss': 0.2773, 'final_test_err': 0.226}","{'hp': {'bs': 128, 'lr': 0.01, 'epochs': 100}, 'net': 'wrn10_2', 'tag': '04_rho/task_agnostic', 'loss': {'alpha': 0.5, 'tune_alpha': False, 'group_task_loss': False}, 'reps': 3, 'seed': 10, 'task': {'n': 50, 'm_n': 1, 'ood': [3], 'beta': 'unbiased', 'target': 3, 'augment': False, 'dataset': 'split_cifar10', 'task_map': [[0, 1], [2, 3], [4, 5], [6, 7], [8, 9]], 'custom_sampler': False}, 'deploy': True, 'device': 'cuda:2'}",2lnvhiwf
27,127,"{'avg_err': 0.2975, 'std_err': 0.0198, 'train_loss': 0.5493, 'epoch': 100, '_wandb': {'runtime': 135}, 'run_num': 2, '_runtime': 136.3371925354004, 'train_acc': 0.77, '_timestamp': 1661082563.5897985, 'final_test_err': 0.2905, '_step': 303}","{'hp': {'bs': 128, 'lr': 0.01, 'epochs': 100}, 'net': 'wrn10_2', 'tag': '04_rho/task_agnostic', 'loss': {'alpha': 0.5, 'tune_alpha': False, 'group_task_loss': False}, 'reps': 3, 'seed': 10, 'task': {'n': 50, 'm_n': 0, 'ood': [3], 'beta': 'unbiased', 'target': 3, 'augment': False, 'dataset': 'split_cifar10', 'task_map': [[0, 1], [2, 3], [4, 5], [6, 7], [8, 9]], 'custom_sampler': False}, 'deploy': True, 'device': 'cuda:2'}",hm6odczt
28,128,"{'run_num': 2, '_runtime': 209.43040680885315, 'final_test_err': 0.3155, '_step': 303, '_wandb': {'runtime': 208}, 'std_err': 0.0045, 'train_acc': 0.875, '_timestamp': 1661082616.6392918, 'train_loss': 0.337, 'epoch': 100, 'avg_err': 0.3092}","{'hp': {'bs': 128, 'lr': 0.01, 'epochs': 100}, 'net': 'wrn10_2', 'tag': '04_rho/task_agnostic', 'loss': {'alpha': 0.5, 'tune_alpha': False, 'group_task_loss': False}, 'reps': 3, 'seed': 10, 'task': {'n': 50, 'm_n': 3, 'ood': [2], 'beta': 'unbiased', 'target': 3, 'augment': False, 'dataset': 'split_cifar10', 'task_map': [[0, 1], [2, 3], [4, 5], [6, 7], [8, 9]], 'custom_sampler': False}, 'deploy': True, 'device': 'cuda:2'}",2pg5x61q
29,129,"{'_runtime': 155.91590094566345, 'train_acc': 0.8233, '_timestamp': 1661082545.596117, 'final_test_err': 0.3075, 'avg_err': 0.3047, 'std_err': 0.0207, '_wandb': {'runtime': 154}, 'run_num': 2, 'train_loss': 0.4243, '_step': 303, 'epoch': 100}","{'hp': {'bs': 128, 'lr': 0.01, 'epochs': 100}, 'net': 'wrn10_2', 'tag': '04_rho/task_agnostic', 'loss': {'alpha': 0.5, 'tune_alpha': False, 'group_task_loss': False}, 'reps': 3, 'seed': 10, 'task': {'n': 50, 'm_n': 2, 'ood': [2], 'beta': 'unbiased', 'target': 3, 'augment': False, 'dataset': 'split_cifar10', 'task_map': [[0, 1], [2, 3], [4, 5], [6, 7], [8, 9]], 'custom_sampler': False}, 'deploy': True, 'device': 'cuda:2'}",3c6kn2rk
30,130,"{'train_loss': 0.4823, '_wandb': {'runtime': 151}, 'std_err': 0.0297, 'train_acc': 0.76, '_timestamp': 1661082540.889701, '_runtime': 152.79559087753296, 'final_test_err': 0.2815, '_step': 303, 'epoch': 100, 'avg_err': 0.2928, 'run_num': 2}","{'hp': {'bs': 128, 'lr': 0.01, 'epochs': 100}, 'net': 'wrn10_2', 'tag': '04_rho/task_agnostic', 'loss': {'alpha': 0.5, 'tune_alpha': False, 'group_task_loss': False}, 'reps': 3, 'seed': 10, 'task': {'n': 50, 'm_n': 1, 'ood': [2], 'beta': 'unbiased', 'target': 3, 'augment': False, 'dataset': 'split_cifar10', 'task_map': [[0, 1], [2, 3], [4, 5], [6, 7], [8, 9]], 'custom_sampler': False}, 'deploy': True, 'device': 'cuda:2'}",36n807nw
31,131,"{'_step': 303, '_wandb': {'runtime': 141}, '_runtime': 142.88384294509888, '_timestamp': 1661082490.238683, 'train_loss': 0.5493, 'final_test_err': 0.2905, 'epoch': 100, 'avg_err': 0.2975, 'run_num': 2, 'std_err': 0.0198, 'train_acc': 0.77}","{'hp': {'bs': 128, 'lr': 0.01, 'epochs': 100}, 'net': 'wrn10_2', 'tag': '04_rho/task_agnostic', 'loss': {'alpha': 0.5, 'tune_alpha': False, 'group_task_loss': False}, 'reps': 3, 'seed': 10, 'task': {'n': 50, 'm_n': 0, 'ood': [2], 'beta': 'unbiased', 'target': 3, 'augment': False, 'dataset': 'split_cifar10', 'task_map': [[0, 1], [2, 3], [4, 5], [6, 7], [8, 9]], 'custom_sampler': False}, 'deploy': True, 'device': 'cuda:2'}",160enuwh
32,132,"{'_step': 303, 'epoch': 100, 'avg_err': 0.3307, 'train_acc': 0.8675, 'train_loss': 0.3572, 'final_test_err': 0.33899999999999997, '_wandb': {'runtime': 195}, 'run_num': 2, 'std_err': 0.0129, '_runtime': 196.3582274913788, '_timestamp': 1661082537.1614416}","{'hp': {'bs': 128, 'lr': 0.01, 'epochs': 100}, 'net': 'wrn10_2', 'tag': '04_rho/task_agnostic', 'loss': {'alpha': 0.5, 'tune_alpha': False, 'group_task_loss': False}, 'reps': 3, 'seed': 10, 'task': {'n': 50, 'm_n': 3, 'ood': [1], 'beta': 'unbiased', 'target': 3, 'augment': False, 'dataset': 'split_cifar10', 'task_map': [[0, 1], [2, 3], [4, 5], [6, 7], [8, 9]], 'custom_sampler': False}, 'deploy': True, 'device': 'cuda:2'}",m2ffzopp
33,133,"{'_wandb': {'runtime': 155}, 'avg_err': 0.3317, 'std_err': 0.0285, '_runtime': 156.06645727157593, '_timestamp': 1661082493.9423094, 'train_loss': 0.4396, '_step': 303, 'epoch': 100, 'run_num': 2, 'train_acc': 0.8333, 'final_test_err': 0.3215}","{'hp': {'bs': 128, 'lr': 0.01, 'epochs': 100}, 'net': 'wrn10_2', 'tag': '04_rho/task_agnostic', 'loss': {'alpha': 0.5, 'tune_alpha': False, 'group_task_loss': False}, 'reps': 3, 'seed': 10, 'task': {'n': 50, 'm_n': 2, 'ood': [1], 'beta': 'unbiased', 'target': 3, 'augment': False, 'dataset': 'split_cifar10', 'task_map': [[0, 1], [2, 3], [4, 5], [6, 7], [8, 9]], 'custom_sampler': False}, 'deploy': True, 'device': 'cuda:2'}",2l3s3vab
34,134,"{'_wandb': {'runtime': 148}, 'avg_err': 0.3032, '_timestamp': 1661082476.3916135, 'train_loss': 0.5093, 'final_test_err': 0.29800000000000004, '_step': 303, 'epoch': 100, '_runtime': 149.80356860160828, 'train_acc': 0.765, 'run_num': 2, 'std_err': 0.0327}","{'hp': {'bs': 128, 'lr': 0.01, 'epochs': 100}, 'net': 'wrn10_2', 'tag': '04_rho/task_agnostic', 'loss': {'alpha': 0.5, 'tune_alpha': False, 'group_task_loss': False}, 'reps': 3, 'seed': 10, 'task': {'n': 50, 'm_n': 1, 'ood': [1], 'beta': 'unbiased', 'target': 3, 'augment': False, 'dataset': 'split_cifar10', 'task_map': [[0, 1], [2, 3], [4, 5], [6, 7], [8, 9]], 'custom_sampler': False}, 'deploy': True, 'device': 'cuda:2'}",18nfuvp0
35,135,"{'_timestamp': 1661082431.284558, 'train_loss': 0.5493, 'final_test_err': 0.2905, '_wandb': {'runtime': 133}, 'run_num': 2, 'std_err': 0.0198, '_runtime': 134.62754702568054, 'train_acc': 0.77, '_step': 303, 'epoch': 100, 'avg_err': 0.2975}","{'hp': {'bs': 128, 'lr': 0.01, 'epochs': 100}, 'net': 'wrn10_2', 'tag': '04_rho/task_agnostic', 'loss': {'alpha': 0.5, 'tune_alpha': False, 'group_task_loss': False}, 'reps': 3, 'seed': 10, 'task': {'n': 50, 'm_n': 0, 'ood': [1], 'beta': 'unbiased', 'target': 3, 'augment': False, 'dataset': 'split_cifar10', 'task_map': [[0, 1], [2, 3], [4, 5], [6, 7], [8, 9]], 'custom_sampler': False}, 'deploy': True, 'device': 'cuda:2'}",2utucj2u
36,136,"{'run_num': 2, 'std_err': 0.0285, 'epoch': 100, '_wandb': {'runtime': 205}, 'avg_err': 0.3377, '_runtime': 206.53033137321472, 'train_acc': 0.9625, '_timestamp': 1661082498.9116204, 'train_loss': 0.1983, 'final_test_err': 0.31799999999999995, '_step': 303}","{'hp': {'bs': 128, 'lr': 0.01, 'epochs': 100}, 'net': 'wrn10_2', 'tag': '04_rho/task_agnostic', 'loss': {'alpha': 0.5, 'tune_alpha': False, 'group_task_loss': False}, 'reps': 3, 'seed': 10, 'task': {'n': 50, 'm_n': 3, 'ood': [0], 'beta': 'unbiased', 'target': 3, 'augment': False, 'dataset': 'split_cifar10', 'task_map': [[0, 1], [2, 3], [4, 5], [6, 7], [8, 9]], 'custom_sampler': False}, 'deploy': True, 'device': 'cuda:2'}",ks4hewwn
37,137,"{'_step': 303, 'epoch': 100, '_wandb': {'runtime': 156}, 'avg_err': 0.3343, '_timestamp': 1661082442.9015691, 'train_loss': 0.2558, 'final_test_err': 0.3125, 'run_num': 2, 'std_err': 0.0248, '_runtime': 156.8685920238495, 'train_acc': 0.93}","{'hp': {'bs': 128, 'lr': 0.01, 'epochs': 100}, 'net': 'wrn10_2', 'tag': '04_rho/task_agnostic', 'loss': {'alpha': 0.5, 'tune_alpha': False, 'group_task_loss': False}, 'reps': 3, 'seed': 10, 'task': {'n': 50, 'm_n': 2, 'ood': [0], 'beta': 'unbiased', 'target': 3, 'augment': False, 'dataset': 'split_cifar10', 'task_map': [[0, 1], [2, 3], [4, 5], [6, 7], [8, 9]], 'custom_sampler': False}, 'deploy': True, 'device': 'cuda:2'}",3nbi62u4
38,138,"{'epoch': 100, 'run_num': 2, 'std_err': 0.0407, '_runtime': 144.5507550239563, '_timestamp': 1661082423.19169, 'train_loss': 0.4019, 'final_test_err': 0.3365, '_step': 303, '_wandb': {'runtime': 143}, 'avg_err': 0.3542, 'train_acc': 0.825}","{'hp': {'bs': 128, 'lr': 0.01, 'epochs': 100}, 'net': 'wrn10_2', 'tag': '04_rho/task_agnostic', 'loss': {'alpha': 0.5, 'tune_alpha': False, 'group_task_loss': False}, 'reps': 3, 'seed': 10, 'task': {'n': 50, 'm_n': 1, 'ood': [0], 'beta': 'unbiased', 'target': 3, 'augment': False, 'dataset': 'split_cifar10', 'task_map': [[0, 1], [2, 3], [4, 5], [6, 7], [8, 9]], 'custom_sampler': False}, 'deploy': True, 'device': 'cuda:2'}",3og06453
39,139,"{'run_num': 2, '_wandb': {'runtime': 139}, 'avg_err': 0.2975, 'std_err': 0.0198, '_runtime': 140.43523836135864, 'train_acc': 0.77, '_timestamp': 1661082404.099821, '_step': 303, 'epoch': 100, 'train_loss': 0.5493, 'final_test_err': 0.2905}","{'hp': {'bs': 128, 'lr': 0.01, 'epochs': 100}, 'net': 'wrn10_2', 'tag': '04_rho/task_agnostic', 'loss': {'alpha': 0.5, 'tune_alpha': False, 'group_task_loss': False}, 'reps': 3, 'seed': 10, 'task': {'n': 50, 'm_n': 0, 'ood': [0], 'beta': 'unbiased', 'target': 3, 'augment': False, 'dataset': 'split_cifar10', 'task_map': [[0, 1], [2, 3], [4, 5], [6, 7], [8, 9]], 'custom_sampler': False}, 'deploy': True, 'device': 'cuda:2'}",or8k9i47
40,140,"{'train_loss': 0.2176, '_step': 303, '_wandb': {'runtime': 201}, 'avg_err': 0.3415, '_runtime': 203.0970060825348, '_timestamp': 1661082448.74445, 'final_test_err': 0.35650000000000004, 'epoch': 100, 'run_num': 2, 'std_err': 0.0212, 'train_acc': 0.9475}","{'hp': {'bs': 128, 'lr': 0.01, 'epochs': 100}, 'net': 'wrn10_2', 'tag': '04_rho/task_agnostic', 'loss': {'alpha': 0.5, 'tune_alpha': False, 'group_task_loss': False}, 'reps': 3, 'seed': 10, 'task': {'n': 50, 'm_n': 3, 'ood': [4], 'beta': 'unbiased', 'target': 2, 'augment': False, 'dataset': 'split_cifar10', 'task_map': [[0, 1], [2, 3], [4, 5], [6, 7], [8, 9]], 'custom_sampler': False}, 'deploy': True, 'device': 'cuda:2'}",28t8kqpp
41,141,"{'epoch': 100, 'avg_err': 0.3222, 'train_acc': 0.9, 'train_loss': 0.2945, 'final_test_err': 0.35250000000000004, '_step': 303, 'run_num': 2, 'std_err': 0.0253, '_runtime': 155.65158319473267, '_timestamp': 1661082384.6498582, '_wandb': {'runtime': 154}}","{'hp': {'bs': 128, 'lr': 0.01, 'epochs': 100}, 'net': 'wrn10_2', 'tag': '04_rho/task_agnostic', 'loss': {'alpha': 0.5, 'tune_alpha': False, 'group_task_loss': False}, 'reps': 3, 'seed': 10, 'task': {'n': 50, 'm_n': 2, 'ood': [4], 'beta': 'unbiased', 'target': 2, 'augment': False, 'dataset': 'split_cifar10', 'task_map': [[0, 1], [2, 3], [4, 5], [6, 7], [8, 9]], 'custom_sampler': False}, 'deploy': True, 'device': 'cuda:2'}",i6adt7ks
42,142,"{'_step': 303, '_wandb': {'runtime': 138}, 'avg_err': 0.3103, '_runtime': 139.53144454956055, '_timestamp': 1661082335.3591657, 'train_loss': 0.4298, 'epoch': 100, 'run_num': 2, 'std_err': 0.0349, 'train_acc': 0.785, 'final_test_err': 0.35750000000000004}","{'hp': {'bs': 128, 'lr': 0.01, 'epochs': 100}, 'net': 'wrn10_2', 'tag': '04_rho/task_agnostic', 'loss': {'alpha': 0.5, 'tune_alpha': False, 'group_task_loss': False}, 'reps': 3, 'seed': 10, 'task': {'n': 50, 'm_n': 1, 'ood': [4], 'beta': 'unbiased', 'target': 2, 'augment': False, 'dataset': 'split_cifar10', 'task_map': [[0, 1], [2, 3], [4, 5], [6, 7], [8, 9]], 'custom_sampler': False}, 'deploy': True, 'device': 'cuda:2'}",1f5s1ktg
43,143,"{'epoch': 100, '_wandb': {'runtime': 142}, 'avg_err': 0.2993, 'std_err': 0.0133, 'train_loss': 0.4908, 'final_test_err': 0.31200000000000006, '_step': 303, '_runtime': 143.59595322608948, 'train_acc': 0.79, '_timestamp': 1661082333.8902662, 'run_num': 2}","{'hp': {'bs': 128, 'lr': 0.01, 'epochs': 100}, 'net': 'wrn10_2', 'tag': '04_rho/task_agnostic', 'loss': {'alpha': 0.5, 'tune_alpha': False, 'group_task_loss': False}, 'reps': 3, 'seed': 10, 'task': {'n': 50, 'm_n': 0, 'ood': [4], 'beta': 'unbiased', 'target': 2, 'augment': False, 'dataset': 'split_cifar10', 'task_map': [[0, 1], [2, 3], [4, 5], [6, 7], [8, 9]], 'custom_sampler': False}, 'deploy': True, 'device': 'cuda:2'}",3fpg61vf
44,144,"{'run_num': 2, '_runtime': 207.8107933998108, 'train_acc': 0.925, 'train_loss': 0.2397, 'epoch': 100, '_wandb': {'runtime': 206}, 'avg_err': 0.3352, 'std_err': 0.0185, '_timestamp': 1661082383.2034664, 'final_test_err': 0.34950000000000003, '_step': 303}","{'hp': {'bs': 128, 'lr': 0.01, 'epochs': 100}, 'net': 'wrn10_2', 'tag': '04_rho/task_agnostic', 'loss': {'alpha': 0.5, 'tune_alpha': False, 'group_task_loss': False}, 'reps': 3, 'seed': 10, 'task': {'n': 50, 'm_n': 3, 'ood': [3], 'beta': 'unbiased', 'target': 2, 'augment': False, 'dataset': 'split_cifar10', 'task_map': [[0, 1], [2, 3], [4, 5], [6, 7], [8, 9]], 'custom_sampler': False}, 'deploy': True, 'device': 'cuda:2'}",1t9058yj
45,145,"{'_timestamp': 1661082323.3197846, '_step': 303, 'epoch': 100, 'avg_err': 0.3118, 'run_num': 2, 'std_err': 0.0163, '_runtime': 152.3179576396942, 'train_acc': 0.8667, 'final_test_err': 0.32899999999999996, '_wandb': {'runtime': 151}, 'train_loss': 0.3629}","{'hp': {'bs': 128, 'lr': 0.01, 'epochs': 100}, 'net': 'wrn10_2', 'tag': '04_rho/task_agnostic', 'loss': {'alpha': 0.5, 'tune_alpha': False, 'group_task_loss': False}, 'reps': 3, 'seed': 10, 'task': {'n': 50, 'm_n': 2, 'ood': [3], 'beta': 'unbiased', 'target': 2, 'augment': False, 'dataset': 'split_cifar10', 'task_map': [[0, 1], [2, 3], [4, 5], [6, 7], [8, 9]], 'custom_sampler': False}, 'deploy': True, 'device': 'cuda:2'}",27zob9rn
46,146,"{'_step': 303, 'epoch': 100, '_runtime': 143.6977915763855, 'train_loss': 0.484, 'train_acc': 0.755, '_timestamp': 1661082291.6367877, 'final_test_err': 0.3225, '_wandb': {'runtime': 142}, 'avg_err': 0.3065, 'run_num': 2, 'std_err': 0.0116}","{'hp': {'bs': 128, 'lr': 0.01, 'epochs': 100}, 'net': 'wrn10_2', 'tag': '04_rho/task_agnostic', 'loss': {'alpha': 0.5, 'tune_alpha': False, 'group_task_loss': False}, 'reps': 3, 'seed': 10, 'task': {'n': 50, 'm_n': 1, 'ood': [3], 'beta': 'unbiased', 'target': 2, 'augment': False, 'dataset': 'split_cifar10', 'task_map': [[0, 1], [2, 3], [4, 5], [6, 7], [8, 9]], 'custom_sampler': False}, 'deploy': True, 'device': 'cuda:2'}",2pojlnsc
47,147,"{'_step': 303, 'epoch': 100, '_wandb': {'runtime': 134}, 'std_err': 0.0133, 'train_acc': 0.79, 'train_loss': 0.4908, 'final_test_err': 0.31200000000000006, 'avg_err': 0.2993, 'run_num': 2, '_runtime': 135.76721739768982, '_timestamp': 1661082273.9154713}","{'hp': {'bs': 128, 'lr': 0.01, 'epochs': 100}, 'net': 'wrn10_2', 'tag': '04_rho/task_agnostic', 'loss': {'alpha': 0.5, 'tune_alpha': False, 'group_task_loss': False}, 'reps': 3, 'seed': 10, 'task': {'n': 50, 'm_n': 0, 'ood': [3], 'beta': 'unbiased', 'target': 2, 'augment': False, 'dataset': 'split_cifar10', 'task_map': [[0, 1], [2, 3], [4, 5], [6, 7], [8, 9]], 'custom_sampler': False}, 'deploy': True, 'device': 'cuda:2'}",3jz34ujq
48,148,"{'_timestamp': 1661082343.4427862, 'epoch': 100, '_wandb': {'runtime': 205}, 'avg_err': 0.2243, 'run_num': 2, 'std_err': 0.0064, 'train_acc': 0.97, '_step': 303, '_runtime': 206.74956130981445, 'train_loss': 0.1721, 'final_test_err': 0.23150000000000004}","{'hp': {'bs': 128, 'lr': 0.01, 'epochs': 100}, 'net': 'wrn10_2', 'tag': '04_rho/task_agnostic', 'loss': {'alpha': 0.5, 'tune_alpha': False, 'group_task_loss': False}, 'reps': 3, 'seed': 10, 'task': {'n': 50, 'm_n': 3, 'ood': [2], 'beta': 'unbiased', 'target': 2, 'augment': False, 'dataset': 'split_cifar10', 'task_map': [[0, 1], [2, 3], [4, 5], [6, 7], [8, 9]], 'custom_sampler': False}, 'deploy': True, 'device': 'cuda:2'}",1zd4zova
49,149,"{'_wandb': {'runtime': 155}, 'run_num': 2, 'std_err': 0.0097, 'train_acc': 0.9533, '_timestamp': 1661082280.9024563, 'epoch': 100, 'avg_err': 0.2377, '_runtime': 156.92206525802612, 'train_loss': 0.1813, 'final_test_err': 0.243, '_step': 303}","{'hp': {'bs': 128, 'lr': 0.01, 'epochs': 100}, 'net': 'wrn10_2', 'tag': '04_rho/task_agnostic', 'loss': {'alpha': 0.5, 'tune_alpha': False, 'group_task_loss': False}, 'reps': 3, 'seed': 10, 'task': {'n': 50, 'm_n': 2, 'ood': [2], 'beta': 'unbiased', 'target': 2, 'augment': False, 'dataset': 'split_cifar10', 'task_map': [[0, 1], [2, 3], [4, 5], [6, 7], [8, 9]], 'custom_sampler': False}, 'deploy': True, 'device': 'cuda:2'}",39iz58u5
50,150,"{'_step': 303, 'avg_err': 0.2783, 'run_num': 2, '_timestamp': 1661082259.846007, 'train_loss': 0.2203, 'final_test_err': 0.3075, 'epoch': 100, '_wandb': {'runtime': 146}, 'std_err': 0.0207, '_runtime': 147.69271612167358, 'train_acc': 0.97}","{'hp': {'bs': 128, 'lr': 0.01, 'epochs': 100}, 'net': 'wrn10_2', 'tag': '04_rho/task_agnostic', 'loss': {'alpha': 0.5, 'tune_alpha': False, 'group_task_loss': False}, 'reps': 3, 'seed': 10, 'task': {'n': 50, 'm_n': 1, 'ood': [2], 'beta': 'unbiased', 'target': 2, 'augment': False, 'dataset': 'split_cifar10', 'task_map': [[0, 1], [2, 3], [4, 5], [6, 7], [8, 9]], 'custom_sampler': False}, 'deploy': True, 'device': 'cuda:2'}",99xe1czn
51,151,"{'std_err': 0.0133, 'train_acc': 0.79, '_timestamp': 1661082241.554057, 'train_loss': 0.4908, 'final_test_err': 0.31200000000000006, 'epoch': 100, '_wandb': {'runtime': 136}, 'avg_err': 0.2993, '_step': 303, 'run_num': 2, '_runtime': 137.42374396324158}","{'hp': {'bs': 128, 'lr': 0.01, 'epochs': 100}, 'net': 'wrn10_2', 'tag': '04_rho/task_agnostic', 'loss': {'alpha': 0.5, 'tune_alpha': False, 'group_task_loss': False}, 'reps': 3, 'seed': 10, 'task': {'n': 50, 'm_n': 0, 'ood': [2], 'beta': 'unbiased', 'target': 2, 'augment': False, 'dataset': 'split_cifar10', 'task_map': [[0, 1], [2, 3], [4, 5], [6, 7], [8, 9]], 'custom_sampler': False}, 'deploy': True, 'device': 'cuda:2'}",29lndi2w
52,152,"{'_step': 303, 'epoch': 100, '_wandb': {'runtime': 205}, 'train_acc': 0.905, '_timestamp': 1661082288.101282, 'avg_err': 0.2893, 'run_num': 2, 'std_err': 0.0152, '_runtime': 206.36443901062012, 'train_loss': 0.3193, 'final_test_err': 0.29800000000000004}","{'hp': {'bs': 128, 'lr': 0.01, 'epochs': 100}, 'net': 'wrn10_2', 'tag': '04_rho/task_agnostic', 'loss': {'alpha': 0.5, 'tune_alpha': False, 'group_task_loss': False}, 'reps': 3, 'seed': 10, 'task': {'n': 50, 'm_n': 3, 'ood': [1], 'beta': 'unbiased', 'target': 2, 'augment': False, 'dataset': 'split_cifar10', 'task_map': [[0, 1], [2, 3], [4, 5], [6, 7], [8, 9]], 'custom_sampler': False}, 'deploy': True, 'device': 'cuda:2'}",1d4c5xqu
53,153,"{'_step': 303, 'epoch': 100, 'avg_err': 0.2863, 'std_err': 0.014, 'train_acc': 0.8, '_timestamp': 1661082191.85644, 'final_test_err': 0.3055, '_wandb': {'runtime': 142}, 'run_num': 2, '_runtime': 143.60208106040955, 'train_loss': 0.426}","{'hp': {'bs': 128, 'lr': 0.01, 'epochs': 100}, 'net': 'wrn10_2', 'tag': '04_rho/task_agnostic', 'loss': {'alpha': 0.5, 'tune_alpha': False, 'group_task_loss': False}, 'reps': 3, 'seed': 10, 'task': {'n': 50, 'm_n': 2, 'ood': [1], 'beta': 'unbiased', 'target': 2, 'augment': False, 'dataset': 'split_cifar10', 'task_map': [[0, 1], [2, 3], [4, 5], [6, 7], [8, 9]], 'custom_sampler': False}, 'deploy': True, 'device': 'cuda:2'}",7s9ev06o
54,154,"{'avg_err': 0.2938, '_runtime': 149.87077713012695, 'train_acc': 0.74, '_timestamp': 1661082186.5950851, 'final_test_err': 0.30600000000000005, '_step': 303, '_wandb': {'runtime': 148}, 'run_num': 2, 'std_err': 0.0091, 'train_loss': 0.4946, 'epoch': 100}","{'hp': {'bs': 128, 'lr': 0.01, 'epochs': 100}, 'net': 'wrn10_2', 'tag': '04_rho/task_agnostic', 'loss': {'alpha': 0.5, 'tune_alpha': False, 'group_task_loss': False}, 'reps': 3, 'seed': 10, 'task': {'n': 50, 'm_n': 1, 'ood': [1], 'beta': 'unbiased', 'target': 2, 'augment': False, 'dataset': 'split_cifar10', 'task_map': [[0, 1], [2, 3], [4, 5], [6, 7], [8, 9]], 'custom_sampler': False}, 'deploy': True, 'device': 'cuda:2'}",2258xorm
55,155,"{'run_num': 2, '_timestamp': 1661082165.8405514, '_step': 303, 'epoch': 100, '_wandb': {'runtime': 142}, 'train_acc': 0.79, 'train_loss': 0.4908, 'final_test_err': 0.31200000000000006, 'avg_err': 0.2993, 'std_err': 0.0133, '_runtime': 143.5512294769287}","{'hp': {'bs': 128, 'lr': 0.01, 'epochs': 100}, 'net': 'wrn10_2', 'tag': '04_rho/task_agnostic', 'loss': {'alpha': 0.5, 'tune_alpha': False, 'group_task_loss': False}, 'reps': 3, 'seed': 10, 'task': {'n': 50, 'm_n': 0, 'ood': [1], 'beta': 'unbiased', 'target': 2, 'augment': False, 'dataset': 'split_cifar10', 'task_map': [[0, 1], [2, 3], [4, 5], [6, 7], [8, 9]], 'custom_sampler': False}, 'deploy': True, 'device': 'cuda:2'}",1s9951wk
56,156,"{'_step': 303, 'epoch': 100, '_wandb': {'runtime': 202}, 'run_num': 2, 'train_acc': 0.9175, 'train_loss': 0.2256, 'avg_err': 0.3372, 'std_err': 0.0088, '_runtime': 203.22260808944705, '_timestamp': 1661082223.613552, 'final_test_err': 0.34099999999999997}","{'hp': {'bs': 128, 'lr': 0.01, 'epochs': 100}, 'net': 'wrn10_2', 'tag': '04_rho/task_agnostic', 'loss': {'alpha': 0.5, 'tune_alpha': False, 'group_task_loss': False}, 'reps': 3, 'seed': 10, 'task': {'n': 50, 'm_n': 3, 'ood': [0], 'beta': 'unbiased', 'target': 2, 'augment': False, 'dataset': 'split_cifar10', 'task_map': [[0, 1], [2, 3], [4, 5], [6, 7], [8, 9]], 'custom_sampler': False}, 'deploy': True, 'device': 'cuda:2'}",1k8x92mq
57,157,"{'_timestamp': 1661082144.616477, 'train_loss': 0.3014, 'final_test_err': 0.3615, 'epoch': 100, 'avg_err': 0.3315, '_runtime': 152.33553409576416, 'std_err': 0.0273, 'train_acc': 0.8767, '_step': 303, '_wandb': {'runtime': 151}, 'run_num': 2}","{'hp': {'bs': 128, 'lr': 0.01, 'epochs': 100}, 'net': 'wrn10_2', 'tag': '04_rho/task_agnostic', 'loss': {'alpha': 0.5, 'tune_alpha': False, 'group_task_loss': False}, 'reps': 3, 'seed': 10, 'task': {'n': 50, 'm_n': 2, 'ood': [0], 'beta': 'unbiased', 'target': 2, 'augment': False, 'dataset': 'split_cifar10', 'task_map': [[0, 1], [2, 3], [4, 5], [6, 7], [8, 9]], 'custom_sampler': False}, 'deploy': True, 'device': 'cuda:2'}",353pegbb
58,158,"{'train_acc': 0.825, '_timestamp': 1661082132.55979, 'train_loss': 0.4011, 'avg_err': 0.3338, '_runtime': 152.88841223716736, '_wandb': {'runtime': 151}, 'run_num': 2, 'std_err': 0.0307, 'final_test_err': 0.376, '_step': 303, 'epoch': 100}","{'hp': {'bs': 128, 'lr': 0.01, 'epochs': 100}, 'net': 'wrn10_2', 'tag': '04_rho/task_agnostic', 'loss': {'alpha': 0.5, 'tune_alpha': False, 'group_task_loss': False}, 'reps': 3, 'seed': 10, 'task': {'n': 50, 'm_n': 1, 'ood': [0], 'beta': 'unbiased', 'target': 2, 'augment': False, 'dataset': 'split_cifar10', 'task_map': [[0, 1], [2, 3], [4, 5], [6, 7], [8, 9]], 'custom_sampler': False}, 'deploy': True, 'device': 'cuda:2'}",82a495i8
59,159,"{'final_test_err': 0.31200000000000006, 'epoch': 100, '_wandb': {'runtime': 139}, 'avg_err': 0.2993, 'std_err': 0.0133, '_runtime': 140.41683101654053, '_step': 303, 'run_num': 2, 'train_acc': 0.79, '_timestamp': 1661082107.840457, 'train_loss': 0.4908}","{'hp': {'bs': 128, 'lr': 0.01, 'epochs': 100}, 'net': 'wrn10_2', 'tag': '04_rho/task_agnostic', 'loss': {'alpha': 0.5, 'tune_alpha': False, 'group_task_loss': False}, 'reps': 3, 'seed': 10, 'task': {'n': 50, 'm_n': 0, 'ood': [0], 'beta': 'unbiased', 'target': 2, 'augment': False, 'dataset': 'split_cifar10', 'task_map': [[0, 1], [2, 3], [4, 5], [6, 7], [8, 9]], 'custom_sampler': False}, 'deploy': True, 'device': 'cuda:2'}",3elh643e
60,160,"{'epoch': 100, '_wandb': {'runtime': 207}, 'avg_err': 0.3422, 'run_num': 2, 'std_err': 0.0133, '_runtime': 208.88731598854065, '_timestamp': 1661082171.584255, 'final_test_err': 0.347, '_step': 303, 'train_acc': 0.9325, 'train_loss': 0.2499}","{'hp': {'bs': 128, 'lr': 0.01, 'epochs': 100}, 'net': 'wrn10_2', 'tag': '04_rho/task_agnostic', 'loss': {'alpha': 0.5, 'tune_alpha': False, 'group_task_loss': False}, 'reps': 3, 'seed': 10, 'task': {'n': 50, 'm_n': 3, 'ood': [4], 'beta': 'unbiased', 'target': 1, 'augment': False, 'dataset': 'split_cifar10', 'task_map': [[0, 1], [2, 3], [4, 5], [6, 7], [8, 9]], 'custom_sampler': False}, 'deploy': True, 'device': 'cuda:2'}",jccwkcqt
61,161,"{'_wandb': {'runtime': 158}, 'avg_err': 0.3593, 'train_acc': 0.9133, '_timestamp': 1661082119.0047927, 'train_loss': 0.2986, '_step': 303, 'epoch': 100, 'run_num': 2, 'std_err': 0.0073, '_runtime': 159.3486487865448, 'final_test_err': 0.349}","{'hp': {'bs': 128, 'lr': 0.01, 'epochs': 100}, 'net': 'wrn10_2', 'tag': '04_rho/task_agnostic', 'loss': {'alpha': 0.5, 'tune_alpha': False, 'group_task_loss': False}, 'reps': 3, 'seed': 10, 'task': {'n': 50, 'm_n': 2, 'ood': [4], 'beta': 'unbiased', 'target': 1, 'augment': False, 'dataset': 'split_cifar10', 'task_map': [[0, 1], [2, 3], [4, 5], [6, 7], [8, 9]], 'custom_sampler': False}, 'deploy': True, 'device': 'cuda:2'}",24sjpy1x
62,162,"{'avg_err': 0.3452, 'std_err': 0.021, 'train_acc': 0.835, 'train_loss': 0.4429, 'final_test_err': 0.3215, '_step': 303, '_wandb': {'runtime': 145}, 'run_num': 2, '_runtime': 146.71558928489685, '_timestamp': 1661082099.1152804, 'epoch': 100}","{'hp': {'bs': 128, 'lr': 0.01, 'epochs': 100}, 'net': 'wrn10_2', 'tag': '04_rho/task_agnostic', 'loss': {'alpha': 0.5, 'tune_alpha': False, 'group_task_loss': False}, 'reps': 3, 'seed': 10, 'task': {'n': 50, 'm_n': 1, 'ood': [4], 'beta': 'unbiased', 'target': 1, 'augment': False, 'dataset': 'split_cifar10', 'task_map': [[0, 1], [2, 3], [4, 5], [6, 7], [8, 9]], 'custom_sampler': False}, 'deploy': True, 'device': 'cuda:2'}",2nlv8ydp
63,163,"{'train_acc': 0.89, '_timestamp': 1661082132.9459903, 'final_test_err': 0.4365, 'epoch': 100, 'avg_err': 0.4547, 'run_num': 2, '_runtime': 200.0722963809967, 'train_loss': 0.3007, '_step': 303, '_wandb': {'runtime': 199}, 'std_err': 0.0131}","{'hp': {'bs': 128, 'lr': 0.01, 'epochs': 100}, 'net': 'wrn10_2', 'tag': '04_rho/task_agnostic', 'loss': {'alpha': 0.5, 'tune_alpha': False, 'group_task_loss': False}, 'reps': 3, 'seed': 10, 'task': {'n': 50, 'm_n': 3, 'ood': [3], 'beta': 'unbiased', 'target': 1, 'augment': False, 'dataset': 'split_cifar10', 'task_map': [[0, 1], [2, 3], [4, 5], [6, 7], [8, 9]], 'custom_sampler': False}, 'deploy': True, 'device': 'cuda:2'}",35ziw3r2
64,164,"{'run_num': 2, 'std_err': 0.024, 'final_test_err': 0.4015, '_step': 303, 'epoch': 100, '_wandb': {'runtime': 142}, 'avg_err': 0.4293, '_runtime': 143.37577080726624, 'train_acc': 0.72, '_timestamp': 1661082076.461547, 'train_loss': 0.5645}","{'hp': {'bs': 128, 'lr': 0.01, 'epochs': 100}, 'net': 'wrn10_2', 'tag': '04_rho/task_agnostic', 'loss': {'alpha': 0.5, 'tune_alpha': False, 'group_task_loss': False}, 'reps': 3, 'seed': 10, 'task': {'n': 50, 'm_n': 0, 'ood': [4], 'beta': 'unbiased', 'target': 1, 'augment': False, 'dataset': 'split_cifar10', 'task_map': [[0, 1], [2, 3], [4, 5], [6, 7], [8, 9]], 'custom_sampler': False}, 'deploy': True, 'device': 'cuda:2'}",268tqy8c
65,165,"{'train_loss': 0.4028, '_wandb': {'runtime': 155}, 'std_err': 0.0353, 'train_acc': 0.8567, '_timestamp': 1661082033.2336855, '_runtime': 156.20284366607666, 'final_test_err': 0.4525, '_step': 303, 'epoch': 100, 'avg_err': 0.4468, 'run_num': 2}","{'hp': {'bs': 128, 'lr': 0.01, 'epochs': 100}, 'net': 'wrn10_2', 'tag': '04_rho/task_agnostic', 'loss': {'alpha': 0.5, 'tune_alpha': False, 'group_task_loss': False}, 'reps': 3, 'seed': 10, 'task': {'n': 50, 'm_n': 2, 'ood': [3], 'beta': 'unbiased', 'target': 1, 'augment': False, 'dataset': 'split_cifar10', 'task_map': [[0, 1], [2, 3], [4, 5], [6, 7], [8, 9]], 'custom_sampler': False}, 'deploy': True, 'device': 'cuda:2'}",1jzptkz8
66,166,"{'epoch': 100, 'avg_err': 0.4467, 'run_num': 2, 'train_acc': 0.77, '_timestamp': 1661082016.7086449, 'final_test_err': 0.4095, '_step': 303, '_wandb': {'runtime': 144}, 'std_err': 0.0554, '_runtime': 145.92980980873108, 'train_loss': 0.5126}","{'hp': {'bs': 128, 'lr': 0.01, 'epochs': 100}, 'net': 'wrn10_2', 'tag': '04_rho/task_agnostic', 'loss': {'alpha': 0.5, 'tune_alpha': False, 'group_task_loss': False}, 'reps': 3, 'seed': 10, 'task': {'n': 50, 'm_n': 1, 'ood': [3], 'beta': 'unbiased', 'target': 1, 'augment': False, 'dataset': 'split_cifar10', 'task_map': [[0, 1], [2, 3], [4, 5], [6, 7], [8, 9]], 'custom_sampler': False}, 'deploy': True, 'device': 'cuda:2'}",ltq970eu
67,167,"{'_step': 303, 'epoch': 100, 'avg_err': 0.4293, 'std_err': 0.024, '_wandb': {'runtime': 133}, 'run_num': 2, '_runtime': 134.3448657989502, 'train_acc': 0.72, '_timestamp': 1661081988.0844717, 'train_loss': 0.5645, 'final_test_err': 0.4015}","{'hp': {'bs': 128, 'lr': 0.01, 'epochs': 100}, 'net': 'wrn10_2', 'tag': '04_rho/task_agnostic', 'loss': {'alpha': 0.5, 'tune_alpha': False, 'group_task_loss': False}, 'reps': 3, 'seed': 10, 'task': {'n': 50, 'm_n': 0, 'ood': [3], 'beta': 'unbiased', 'target': 1, 'augment': False, 'dataset': 'split_cifar10', 'task_map': [[0, 1], [2, 3], [4, 5], [6, 7], [8, 9]], 'custom_sampler': False}, 'deploy': True, 'device': 'cuda:2'}",34uqfptm
68,168,"{'std_err': 0.0208, 'train_acc': 0.885, '_timestamp': 1661082044.828174, 'final_test_err': 0.35750000000000004, 'run_num': 2, '_runtime': 196.03322100639343, 'train_loss': 0.3185, '_step': 303, 'epoch': 100, '_wandb': {'runtime': 195}, 'avg_err': 0.3683}","{'hp': {'bs': 128, 'lr': 0.01, 'epochs': 100}, 'net': 'wrn10_2', 'tag': '04_rho/task_agnostic', 'loss': {'alpha': 0.5, 'tune_alpha': False, 'group_task_loss': False}, 'reps': 3, 'seed': 10, 'task': {'n': 50, 'm_n': 3, 'ood': [2], 'beta': 'unbiased', 'target': 1, 'augment': False, 'dataset': 'split_cifar10', 'task_map': [[0, 1], [2, 3], [4, 5], [6, 7], [8, 9]], 'custom_sampler': False}, 'deploy': True, 'device': 'cuda:2'}",2a4d5ktu
69,169,"{'epoch': 100, '_wandb': {'runtime': 152}, 'run_num': 2, 'train_acc': 0.86, 'train_loss': 0.3754, 'final_test_err': 0.357, '_step': 303, 'avg_err': 0.3595, 'std_err': 0.0106, '_runtime': 153.38050985336304, '_timestamp': 1661081975.464006}","{'hp': {'bs': 128, 'lr': 0.01, 'epochs': 100}, 'net': 'wrn10_2', 'tag': '04_rho/task_agnostic', 'loss': {'alpha': 0.5, 'tune_alpha': False, 'group_task_loss': False}, 'reps': 3, 'seed': 10, 'task': {'n': 50, 'm_n': 2, 'ood': [2], 'beta': 'unbiased', 'target': 1, 'augment': False, 'dataset': 'split_cifar10', 'task_map': [[0, 1], [2, 3], [4, 5], [6, 7], [8, 9]], 'custom_sampler': False}, 'deploy': True, 'device': 'cuda:2'}",1dvjuxpk
70,170,"{'final_test_err': 0.3645000000000001, '_step': 303, 'epoch': 100, 'avg_err': 0.3753, 'std_err': 0.015, '_runtime': 147.907310962677, 'train_acc': 0.75, '_timestamp': 1661081963.60617, '_wandb': {'runtime': 146}, 'run_num': 2, 'train_loss': 0.4873}","{'hp': {'bs': 128, 'lr': 0.01, 'epochs': 100}, 'net': 'wrn10_2', 'tag': '04_rho/task_agnostic', 'loss': {'alpha': 0.5, 'tune_alpha': False, 'group_task_loss': False}, 'reps': 3, 'seed': 10, 'task': {'n': 50, 'm_n': 1, 'ood': [2], 'beta': 'unbiased', 'target': 1, 'augment': False, 'dataset': 'split_cifar10', 'task_map': [[0, 1], [2, 3], [4, 5], [6, 7], [8, 9]], 'custom_sampler': False}, 'deploy': True, 'device': 'cuda:2'}",37buqmns
71,171,"{'_wandb': {'runtime': 141}, 'avg_err': 0.4293, 'run_num': 2, 'std_err': 0.024, '_timestamp': 1661081955.8126402, 'final_test_err': 0.4015, '_step': 303, 'epoch': 100, '_runtime': 142.22752618789673, 'train_acc': 0.72, 'train_loss': 0.5645}","{'hp': {'bs': 128, 'lr': 0.01, 'epochs': 100}, 'net': 'wrn10_2', 'tag': '04_rho/task_agnostic', 'loss': {'alpha': 0.5, 'tune_alpha': False, 'group_task_loss': False}, 'reps': 3, 'seed': 10, 'task': {'n': 50, 'm_n': 0, 'ood': [2], 'beta': 'unbiased', 'target': 1, 'augment': False, 'dataset': 'split_cifar10', 'task_map': [[0, 1], [2, 3], [4, 5], [6, 7], [8, 9]], 'custom_sampler': False}, 'deploy': True, 'device': 'cuda:2'}",2563t2yv
72,172,"{'_timestamp': 1661082019.098219, '_step': 303, 'avg_err': 0.3198, 'std_err': 0.0171, '_runtime': 206.41338300704956, 'train_loss': 0.2413, 'final_test_err': 0.29900000000000004, 'epoch': 100, '_wandb': {'runtime': 205}, 'run_num': 2, 'train_acc': 0.955}","{'hp': {'bs': 128, 'lr': 0.01, 'epochs': 100}, 'net': 'wrn10_2', 'tag': '04_rho/task_agnostic', 'loss': {'alpha': 0.5, 'tune_alpha': False, 'group_task_loss': False}, 'reps': 3, 'seed': 10, 'task': {'n': 50, 'm_n': 3, 'ood': [1], 'beta': 'unbiased', 'target': 1, 'augment': False, 'dataset': 'split_cifar10', 'task_map': [[0, 1], [2, 3], [4, 5], [6, 7], [8, 9]], 'custom_sampler': False}, 'deploy': True, 'device': 'cuda:2'}",1fo7pmii
73,173,"{'avg_err': 0.336, 'run_num': 2, 'train_loss': 0.2816, 'epoch': 100, '_wandb': {'runtime': 152}, 'std_err': 0.0378, '_runtime': 153.93474864959717, 'train_acc': 0.9433, '_timestamp': 1661081958.0151646, 'final_test_err': 0.29300000000000004, '_step': 303}","{'hp': {'bs': 128, 'lr': 0.01, 'epochs': 100}, 'net': 'wrn10_2', 'tag': '04_rho/task_agnostic', 'loss': {'alpha': 0.5, 'tune_alpha': False, 'group_task_loss': False}, 'reps': 3, 'seed': 10, 'task': {'n': 50, 'm_n': 2, 'ood': [1], 'beta': 'unbiased', 'target': 1, 'augment': False, 'dataset': 'split_cifar10', 'task_map': [[0, 1], [2, 3], [4, 5], [6, 7], [8, 9]], 'custom_sampler': False}, 'deploy': True, 'device': 'cuda:2'}",2cv2p7va
74,174,"{'_wandb': {'runtime': 145}, 'final_test_err': 0.3605, 'std_err': 0.0263, '_runtime': 146.54513430595398, 'train_acc': 0.905, '_timestamp': 1661081948.3423352, '_step': 303, 'epoch': 100, 'avg_err': 0.3953, 'run_num': 2, 'train_loss': 0.3906}","{'hp': {'bs': 128, 'lr': 0.01, 'epochs': 100}, 'net': 'wrn10_2', 'tag': '04_rho/task_agnostic', 'loss': {'alpha': 0.5, 'tune_alpha': False, 'group_task_loss': False}, 'reps': 3, 'seed': 10, 'task': {'n': 50, 'm_n': 1, 'ood': [1], 'beta': 'unbiased', 'target': 1, 'augment': False, 'dataset': 'split_cifar10', 'task_map': [[0, 1], [2, 3], [4, 5], [6, 7], [8, 9]], 'custom_sampler': False}, 'deploy': True, 'device': 'cuda:2'}",1k8p0u0z
75,175,"{'avg_err': 0.4293, 'run_num': 2, 'train_loss': 0.5645, '_step': 303, 'epoch': 100, '_wandb': {'runtime': 134}, '_timestamp': 1661081927.534177, 'final_test_err': 0.4015, 'std_err': 0.024, '_runtime': 135.2422170639038, 'train_acc': 0.72}","{'hp': {'bs': 128, 'lr': 0.01, 'epochs': 100}, 'net': 'wrn10_2', 'tag': '04_rho/task_agnostic', 'loss': {'alpha': 0.5, 'tune_alpha': False, 'group_task_loss': False}, 'reps': 3, 'seed': 10, 'task': {'n': 50, 'm_n': 0, 'ood': [1], 'beta': 'unbiased', 'target': 1, 'augment': False, 'dataset': 'split_cifar10', 'task_map': [[0, 1], [2, 3], [4, 5], [6, 7], [8, 9]], 'custom_sampler': False}, 'deploy': True, 'device': 'cuda:2'}",2qp6cwu9
76,176,"{'_step': 303, 'epoch': 100, 'avg_err': 0.3527, 'train_acc': 0.9075, 'train_loss': 0.2543, 'final_test_err': 0.36, '_wandb': {'runtime': 209}, 'run_num': 2, 'std_err': 0.0126, '_runtime': 210.05077505111697, '_timestamp': 1661081929.5966392}","{'hp': {'bs': 128, 'lr': 0.01, 'epochs': 100}, 'net': 'wrn10_2', 'tag': '04_rho/task_agnostic', 'loss': {'alpha': 0.5, 'tune_alpha': False, 'group_task_loss': False}, 'reps': 3, 'seed': 10, 'task': {'n': 50, 'm_n': 3, 'ood': [0], 'beta': 'unbiased', 'target': 1, 'augment': False, 'dataset': 'split_cifar10', 'task_map': [[0, 1], [2, 3], [4, 5], [6, 7], [8, 9]], 'custom_sampler': False}, 'deploy': True, 'device': 'cuda:2'}",339b8tl7
77,177,"{'run_num': 2, 'std_err': 0.007, '_runtime': 149.93789339065552, 'train_acc': 0.8733, '_timestamp': 1661081866.2334075, 'train_loss': 0.3261, '_step': 303, 'avg_err': 0.337, 'final_test_err': 0.32999999999999996, 'epoch': 100, '_wandb': {'runtime': 149}}","{'hp': {'bs': 128, 'lr': 0.01, 'epochs': 100}, 'net': 'wrn10_2', 'tag': '04_rho/task_agnostic', 'loss': {'alpha': 0.5, 'tune_alpha': False, 'group_task_loss': False}, 'reps': 3, 'seed': 10, 'task': {'n': 50, 'm_n': 2, 'ood': [0], 'beta': 'unbiased', 'target': 1, 'augment': False, 'dataset': 'split_cifar10', 'task_map': [[0, 1], [2, 3], [4, 5], [6, 7], [8, 9]], 'custom_sampler': False}, 'deploy': True, 'device': 'cuda:2'}",33tpf2sv
78,178,"{'train_acc': 0.8, '_wandb': {'runtime': 138}, 'avg_err': 0.3423, 'std_err': 0.0012, '_runtime': 139.16563653945923, '_timestamp': 1661081844.6537237, 'train_loss': 0.4392, 'final_test_err': 0.3415, '_step': 303, 'epoch': 100, 'run_num': 2}","{'hp': {'bs': 128, 'lr': 0.01, 'epochs': 100}, 'net': 'wrn10_2', 'tag': '04_rho/task_agnostic', 'loss': {'alpha': 0.5, 'tune_alpha': False, 'group_task_loss': False}, 'reps': 3, 'seed': 10, 'task': {'n': 50, 'm_n': 1, 'ood': [0], 'beta': 'unbiased', 'target': 1, 'augment': False, 'dataset': 'split_cifar10', 'task_map': [[0, 1], [2, 3], [4, 5], [6, 7], [8, 9]], 'custom_sampler': False}, 'deploy': True, 'device': 'cuda:2'}",2yn4y5x3
79,179,"{'run_num': 2, 'std_err': 0.024, '_timestamp': 1661081808.642781, 'train_loss': 0.5645, 'final_test_err': 0.4015, '_step': 303, 'avg_err': 0.4293, '_runtime': 139.94284200668335, 'train_acc': 0.72, 'epoch': 100, '_wandb': {'runtime': 139}}","{'hp': {'bs': 128, 'lr': 0.01, 'epochs': 100}, 'net': 'wrn10_2', 'tag': '04_rho/task_agnostic', 'loss': {'alpha': 0.5, 'tune_alpha': False, 'group_task_loss': False}, 'reps': 3, 'seed': 10, 'task': {'n': 50, 'm_n': 0, 'ood': [0], 'beta': 'unbiased', 'target': 1, 'augment': False, 'dataset': 'split_cifar10', 'task_map': [[0, 1], [2, 3], [4, 5], [6, 7], [8, 9]], 'custom_sampler': False}, 'deploy': True, 'device': 'cuda:2'}",srrlp3hf
80,180,"{'_wandb': {'runtime': 207}, 'std_err': 0.0126, '_runtime': 207.89124274253845, '_timestamp': 1661081872.3752286, 'final_test_err': 0.1965, '_step': 303, 'epoch': 100, 'avg_err': 0.199, 'run_num': 2, 'train_acc': 0.965, 'train_loss': 0.1595}","{'hp': {'bs': 128, 'lr': 0.01, 'epochs': 100}, 'net': 'wrn10_2', 'tag': '04_rho/task_agnostic', 'loss': {'alpha': 0.5, 'tune_alpha': False, 'group_task_loss': False}, 'reps': 3, 'seed': 10, 'task': {'n': 50, 'm_n': 3, 'ood': [4], 'beta': 'unbiased', 'target': 0, 'augment': False, 'dataset': 'split_cifar10', 'task_map': [[0, 1], [2, 3], [4, 5], [6, 7], [8, 9]], 'custom_sampler': False}, 'deploy': True, 'device': 'cuda:2'}",19qipemm
81,181,"{'avg_err': 0.2073, '_runtime': 152.8492465019226, 'train_acc': 0.94, 'train_loss': 0.2224, '_step': 303, 'epoch': 100, '_wandb': {'runtime': 152}, 'run_num': 2, 'std_err': 0.0082, '_timestamp': 1661081817.1037855, 'final_test_err': 0.20599999999999996}","{'hp': {'bs': 128, 'lr': 0.01, 'epochs': 100}, 'net': 'wrn10_2', 'tag': '04_rho/task_agnostic', 'loss': {'alpha': 0.5, 'tune_alpha': False, 'group_task_loss': False}, 'reps': 3, 'seed': 10, 'task': {'n': 50, 'm_n': 2, 'ood': [4], 'beta': 'unbiased', 'target': 0, 'augment': False, 'dataset': 'split_cifar10', 'task_map': [[0, 1], [2, 3], [4, 5], [6, 7], [8, 9]], 'custom_sampler': False}, 'deploy': True, 'device': 'cuda:2'}",3a44imcg
82,182,"{'train_acc': 0.9, 'train_loss': 0.2842, 'final_test_err': 0.18899999999999997, '_step': 303, '_wandb': {'runtime': 147}, 'run_num': 2, 'std_err': 0.0043, '_runtime': 148.1072587966919, 'epoch': 100, 'avg_err': 0.1943, '_timestamp': 1661081812.356773}","{'hp': {'bs': 128, 'lr': 0.01, 'epochs': 100}, 'net': 'wrn10_2', 'tag': '04_rho/task_agnostic', 'loss': {'alpha': 0.5, 'tune_alpha': False, 'group_task_loss': False}, 'reps': 3, 'seed': 10, 'task': {'n': 50, 'm_n': 1, 'ood': [4], 'beta': 'unbiased', 'target': 0, 'augment': False, 'dataset': 'split_cifar10', 'task_map': [[0, 1], [2, 3], [4, 5], [6, 7], [8, 9]], 'custom_sampler': False}, 'deploy': True, 'device': 'cuda:2'}",2ihu4gfw
83,183,"{'train_loss': 0.3687, 'epoch': 100, '_wandb': {'runtime': 139}, 'run_num': 2, 'std_err': 0.0073, '_timestamp': 1661081800.856422, 'final_test_err': 0.2135, '_step': 303, 'avg_err': 0.2117, '_runtime': 140.47873187065125, 'train_acc': 0.9}","{'hp': {'bs': 128, 'lr': 0.01, 'epochs': 100}, 'net': 'wrn10_2', 'tag': '04_rho/task_agnostic', 'loss': {'alpha': 0.5, 'tune_alpha': False, 'group_task_loss': False}, 'reps': 3, 'seed': 10, 'task': {'n': 50, 'm_n': 0, 'ood': [4], 'beta': 'unbiased', 'target': 0, 'augment': False, 'dataset': 'split_cifar10', 'task_map': [[0, 1], [2, 3], [4, 5], [6, 7], [8, 9]], 'custom_sampler': False}, 'deploy': True, 'device': 'cuda:2'}",19vzgud2
84,184,"{'run_num': 2, 'std_err': 0.0231, '_runtime': 195.21206665039065, '_step': 303, '_wandb': {'runtime': 194}, 'train_acc': 0.9275, '_timestamp': 1661081849.6883876, 'train_loss': 0.222, 'final_test_err': 0.28300000000000003, 'epoch': 100, 'avg_err': 0.2845}","{'hp': {'bs': 128, 'lr': 0.01, 'epochs': 100}, 'net': 'wrn10_2', 'tag': '04_rho/task_agnostic', 'loss': {'alpha': 0.5, 'tune_alpha': False, 'group_task_loss': False}, 'reps': 3, 'seed': 10, 'task': {'n': 50, 'm_n': 3, 'ood': [3], 'beta': 'unbiased', 'target': 0, 'augment': False, 'dataset': 'split_cifar10', 'task_map': [[0, 1], [2, 3], [4, 5], [6, 7], [8, 9]], 'custom_sampler': False}, 'deploy': True, 'device': 'cuda:2'}",e7nv0f5f
85,185,"{'run_num': 2, '_runtime': 154.7885947227478, 'final_test_err': 0.256, 'epoch': 100, '_wandb': {'runtime': 153}, 'std_err': 0.0285, 'train_acc': 0.8833, '_timestamp': 1661081809.0157728, 'train_loss': 0.3002, '_step': 303, 'avg_err': 0.2693}","{'hp': {'bs': 128, 'lr': 0.01, 'epochs': 100}, 'net': 'wrn10_2', 'tag': '04_rho/task_agnostic', 'loss': {'alpha': 0.5, 'tune_alpha': False, 'group_task_loss': False}, 'reps': 3, 'seed': 10, 'task': {'n': 50, 'm_n': 2, 'ood': [3], 'beta': 'unbiased', 'target': 0, 'augment': False, 'dataset': 'split_cifar10', 'task_map': [[0, 1], [2, 3], [4, 5], [6, 7], [8, 9]], 'custom_sampler': False}, 'deploy': True, 'device': 'cuda:2'}",23uop9v7
86,186,"{'train_acc': 0.835, '_timestamp': 1661081798.1168232, 'epoch': 100, 'avg_err': 0.2437, 'run_num': 2, '_runtime': 145.95506310462952, 'train_loss': 0.3983, 'final_test_err': 0.24050000000000005, '_step': 303, '_wandb': {'runtime': 145}, 'std_err': 0.0122}","{'hp': {'bs': 128, 'lr': 0.01, 'epochs': 100}, 'net': 'wrn10_2', 'tag': '04_rho/task_agnostic', 'loss': {'alpha': 0.5, 'tune_alpha': False, 'group_task_loss': False}, 'reps': 3, 'seed': 10, 'task': {'n': 50, 'm_n': 1, 'ood': [3], 'beta': 'unbiased', 'target': 0, 'augment': False, 'dataset': 'split_cifar10', 'task_map': [[0, 1], [2, 3], [4, 5], [6, 7], [8, 9]], 'custom_sampler': False}, 'deploy': True, 'device': 'cuda:2'}",w19h3ata
87,187,"{'run_num': 2, 'std_err': 0.0073, '_timestamp': 1661081788.184857, 'final_test_err': 0.2135, '_wandb': {'runtime': 135}, 'avg_err': 0.2117, '_runtime': 136.38783168792725, 'train_acc': 0.9, 'train_loss': 0.3687, '_step': 303, 'epoch': 100}","{'hp': {'bs': 128, 'lr': 0.01, 'epochs': 100}, 'net': 'wrn10_2', 'tag': '04_rho/task_agnostic', 'loss': {'alpha': 0.5, 'tune_alpha': False, 'group_task_loss': False}, 'reps': 3, 'seed': 10, 'task': {'n': 50, 'm_n': 0, 'ood': [3], 'beta': 'unbiased', 'target': 0, 'augment': False, 'dataset': 'split_cifar10', 'task_map': [[0, 1], [2, 3], [4, 5], [6, 7], [8, 9]], 'custom_sampler': False}, 'deploy': True, 'device': 'cuda:2'}",flqlz8fl
88,188,"{'final_test_err': 0.2135, '_step': 303, 'avg_err': 0.2117, 'std_err': 0.0073, 'train_acc': 0.9, '_timestamp': 1661081647.8521028, 'train_loss': 0.3687, 'epoch': 100, '_wandb': {'runtime': 148}, 'run_num': 2, '_runtime': 148.78931665420532}","{'hp': {'bs': 128, 'lr': 0.01, 'epochs': 100}, 'net': 'wrn10_2', 'tag': '04_rho/task_agnostic', 'loss': {'alpha': 0.5, 'tune_alpha': False, 'group_task_loss': False}, 'reps': 3, 'seed': 10, 'task': {'n': 50, 'm_n': 0, 'ood': [0], 'beta': 'unbiased', 'target': 0, 'augment': False, 'dataset': 'split_cifar10', 'task_map': [[0, 1], [2, 3], [4, 5], [6, 7], [8, 9]], 'custom_sampler': False}, 'deploy': True, 'device': 'cuda:2'}",uwfpfaog
89,189,"{'_step': 303, 'epoch': 100, 'run_num': 2, 'train_acc': 1, 'final_test_err': 0.1825, '_wandb': {'runtime': 156}, 'avg_err': 0.1922, 'std_err': 0.0089, '_runtime': 157.3340346813202, '_timestamp': 1661081656.5808866, 'train_loss': 0.1166}","{'hp': {'bs': 128, 'lr': 0.01, 'epochs': 100}, 'net': 'wrn10_2', 'tag': '04_rho/task_agnostic', 'loss': {'alpha': 0.5, 'tune_alpha': False, 'group_task_loss': False}, 'reps': 3, 'seed': 10, 'task': {'n': 50, 'm_n': 1, 'ood': [0], 'beta': 'unbiased', 'target': 0, 'augment': False, 'dataset': 'split_cifar10', 'task_map': [[0, 1], [2, 3], [4, 5], [6, 7], [8, 9]], 'custom_sampler': False}, 'deploy': True, 'device': 'cuda:2'}",mb1q4caw
90,190,"{'_wandb': {'runtime': 213}, 'avg_err': 0.2442, '_runtime': 213.8331754207611, 'train_loss': 0.3331, 'final_test_err': 0.233, '_step': 303, 'epoch': 100, 'run_num': 2, 'std_err': 0.0104, 'train_acc': 0.885, '_timestamp': 1661081713.0412245}","{'hp': {'bs': 128, 'lr': 0.01, 'epochs': 100}, 'net': 'wrn10_2', 'tag': '04_rho/task_agnostic', 'loss': {'alpha': 0.5, 'tune_alpha': False, 'group_task_loss': False}, 'reps': 3, 'seed': 10, 'task': {'n': 50, 'm_n': 3, 'ood': [1], 'beta': 'unbiased', 'target': 0, 'augment': False, 'dataset': 'split_cifar10', 'task_map': [[0, 1], [2, 3], [4, 5], [6, 7], [8, 9]], 'custom_sampler': False}, 'deploy': True, 'device': 'cuda:2'}",j93mpzv0
91,191,"{'_runtime': 155.28475332260132, 'train_acc': 0.835, '_timestamp': 1661081654.4942913, 'final_test_err': 0.25249999999999995, '_step': 303, 'avg_err': 0.2445, 'std_err': 0.0247, 'train_loss': 0.3889, 'epoch': 100, '_wandb': {'runtime': 154}, 'run_num': 2}","{'hp': {'bs': 128, 'lr': 0.01, 'epochs': 100}, 'net': 'wrn10_2', 'tag': '04_rho/task_agnostic', 'loss': {'alpha': 0.5, 'tune_alpha': False, 'group_task_loss': False}, 'reps': 3, 'seed': 10, 'task': {'n': 50, 'm_n': 1, 'ood': [2], 'beta': 'unbiased', 'target': 0, 'augment': False, 'dataset': 'split_cifar10', 'task_map': [[0, 1], [2, 3], [4, 5], [6, 7], [8, 9]], 'custom_sampler': False}, 'deploy': True, 'device': 'cuda:2'}",3piff86s
92,192,"{'avg_err': 0.1752, '_runtime': 160.40426015853882, '_timestamp': 1661081659.4681592, 'train_loss': 0.0993, 'final_test_err': 0.16600000000000004, '_step': 303, 'epoch': 100, '_wandb': {'runtime': 159}, 'run_num': 2, 'std_err': 0.01, 'train_acc': 0.9867}","{'hp': {'bs': 128, 'lr': 0.01, 'epochs': 100}, 'net': 'wrn10_2', 'tag': '04_rho/task_agnostic', 'loss': {'alpha': 0.5, 'tune_alpha': False, 'group_task_loss': False}, 'reps': 3, 'seed': 10, 'task': {'n': 50, 'm_n': 2, 'ood': [0], 'beta': 'unbiased', 'target': 0, 'augment': False, 'dataset': 'split_cifar10', 'task_map': [[0, 1], [2, 3], [4, 5], [6, 7], [8, 9]], 'custom_sampler': False}, 'deploy': True, 'device': 'cuda:2'}",3gn17up6
93,193,"{'_step': 303, 'epoch': 100, '_wandb': {'runtime': 163}, 'avg_err': 0.2222, 'std_err': 0.006, '_runtime': 163.49241733551025, 'run_num': 2, 'train_acc': 0.8533, '_timestamp': 1661081662.701517, 'train_loss': 0.4005, 'final_test_err': 0.21650000000000005}","{'hp': {'bs': 128, 'lr': 0.01, 'epochs': 100}, 'net': 'wrn10_2', 'tag': '04_rho/task_agnostic', 'loss': {'alpha': 0.5, 'tune_alpha': False, 'group_task_loss': False}, 'reps': 3, 'seed': 10, 'task': {'n': 50, 'm_n': 2, 'ood': [1], 'beta': 'unbiased', 'target': 0, 'augment': False, 'dataset': 'split_cifar10', 'task_map': [[0, 1], [2, 3], [4, 5], [6, 7], [8, 9]], 'custom_sampler': False}, 'deploy': True, 'device': 'cuda:2'}",3blg8l53
94,194,"{'epoch': 100, 'avg_err': 0.1675, '_runtime': 212.85464549064636, '_timestamp': 1661081712.1582663, 'train_loss': 0.0887, '_step': 303, '_wandb': {'runtime': 212}, 'run_num': 2, 'std_err': 0.0127, 'train_acc': 0.9825, 'final_test_err': 0.15000000000000002}","{'hp': {'bs': 128, 'lr': 0.01, 'epochs': 100}, 'net': 'wrn10_2', 'tag': '04_rho/task_agnostic', 'loss': {'alpha': 0.5, 'tune_alpha': False, 'group_task_loss': False}, 'reps': 3, 'seed': 10, 'task': {'n': 50, 'm_n': 3, 'ood': [0], 'beta': 'unbiased', 'target': 0, 'augment': False, 'dataset': 'split_cifar10', 'task_map': [[0, 1], [2, 3], [4, 5], [6, 7], [8, 9]], 'custom_sampler': False}, 'deploy': True, 'device': 'cuda:2'}",38ce4gzx
95,195,"{'epoch': 100, 'avg_err': 0.2588, 'run_num': 2, 'std_err': 0.022, 'train_acc': 0.89, '_timestamp': 1661081660.0118463, 'train_loss': 0.3469, 'final_test_err': 0.28400000000000003, '_step': 303, '_wandb': {'runtime': 160}, '_runtime': 160.9256272315979}","{'hp': {'bs': 128, 'lr': 0.01, 'epochs': 100}, 'net': 'wrn10_2', 'tag': '04_rho/task_agnostic', 'loss': {'alpha': 0.5, 'tune_alpha': False, 'group_task_loss': False}, 'reps': 3, 'seed': 10, 'task': {'n': 50, 'm_n': 2, 'ood': [2], 'beta': 'unbiased', 'target': 0, 'augment': False, 'dataset': 'split_cifar10', 'task_map': [[0, 1], [2, 3], [4, 5], [6, 7], [8, 9]], 'custom_sampler': False}, 'deploy': True, 'device': 'cuda:2'}",2pc39u6e
96,196,"{'_runtime': 148.357017993927, 'train_acc': 0.9, '_timestamp': 1661081647.417429, 'final_test_err': 0.2135, 'epoch': 100, '_wandb': {'runtime': 147}, 'avg_err': 0.2117, 'run_num': 2, '_step': 303, 'std_err': 0.0073, 'train_loss': 0.3687}","{'hp': {'bs': 128, 'lr': 0.01, 'epochs': 100}, 'net': 'wrn10_2', 'tag': '04_rho/task_agnostic', 'loss': {'alpha': 0.5, 'tune_alpha': False, 'group_task_loss': False}, 'reps': 3, 'seed': 10, 'task': {'n': 50, 'm_n': 0, 'ood': [2], 'beta': 'unbiased', 'target': 0, 'augment': False, 'dataset': 'split_cifar10', 'task_map': [[0, 1], [2, 3], [4, 5], [6, 7], [8, 9]], 'custom_sampler': False}, 'deploy': True, 'device': 'cuda:2'}",2if7o5hv
97,197,"{'train_acc': 0.9, '_timestamp': 1661081648.319088, 'train_loss': 0.3687, 'final_test_err': 0.2135, '_wandb': {'runtime': 148}, 'std_err': 0.0073, '_runtime': 149.11566495895386, 'run_num': 2, '_step': 303, 'epoch': 100, 'avg_err': 0.2117}","{'hp': {'bs': 128, 'lr': 0.01, 'epochs': 100}, 'net': 'wrn10_2', 'tag': '04_rho/task_agnostic', 'loss': {'alpha': 0.5, 'tune_alpha': False, 'group_task_loss': False}, 'reps': 3, 'seed': 10, 'task': {'n': 50, 'm_n': 0, 'ood': [1], 'beta': 'unbiased', 'target': 0, 'augment': False, 'dataset': 'split_cifar10', 'task_map': [[0, 1], [2, 3], [4, 5], [6, 7], [8, 9]], 'custom_sampler': False}, 'deploy': True, 'device': 'cuda:2'}",1tmgojxe
98,198,"{'_step': 303, 'avg_err': 0.2663, 'std_err': 0.0204, '_timestamp': 1661081702.345082, 'final_test_err': 0.268, 'epoch': 100, '_wandb': {'runtime': 202}, 'run_num': 2, '_runtime': 202.95865511894223, 'train_acc': 0.9225, 'train_loss': 0.2735}","{'hp': {'bs': 128, 'lr': 0.01, 'epochs': 100}, 'net': 'wrn10_2', 'tag': '04_rho/task_agnostic', 'loss': {'alpha': 0.5, 'tune_alpha': False, 'group_task_loss': False}, 'reps': 3, 'seed': 10, 'task': {'n': 50, 'm_n': 3, 'ood': [2], 'beta': 'unbiased', 'target': 0, 'augment': False, 'dataset': 'split_cifar10', 'task_map': [[0, 1], [2, 3], [4, 5], [6, 7], [8, 9]], 'custom_sampler': False}, 'deploy': True, 'device': 'cuda:2'}",1bxscgu2
99,199,"{'_step': 303, 'avg_err': 0.2052, 'run_num': 2, 'train_acc': 0.82, 'train_loss': 0.4329, 'final_test_err': 0.2065, 'epoch': 100, '_wandb': {'runtime': 150}, 'std_err': 0.0078, '_runtime': 150.62766194343567, '_timestamp': 1661081649.9132628}","{'hp': {'bs': 128, 'lr': 0.01, 'epochs': 100}, 'net': 'wrn10_2', 'tag': '04_rho/task_agnostic', 'loss': {'alpha': 0.5, 'tune_alpha': False, 'group_task_loss': False}, 'reps': 3, 'seed': 10, 'task': {'n': 50, 'm_n': 1, 'ood': [1], 'beta': 'unbiased', 'target': 0, 'augment': False, 'dataset': 'split_cifar10', 'task_map': [[0, 1], [2, 3], [4, 5], [6, 7], [8, 9]], 'custom_sampler': False}, 'deploy': True, 'device': 'cuda:2'}",137lwl6v
